trial,chunk,pic1,pic2,original_data_row,pair_occurrence,intervening_trials_since_pair
1,1,4700.jpg,8205.jpg,268,1,
2,1,2342.jpg,8330.jpg,86,1,
3,1,5990.jpg,2250.jpg,244,1,
4,1,2055.jpg,7530.jpg,329,1,
5,1,5300.jpg,8032.jpg,259,1,
6,1,2019.jpg,2373.jpg,8,1,
7,1,4616.jpg,1810.jpg,64,1,
8,1,2442.jpg,1942.jpg,304,1,
9,1,8600.jpg,2217.jpg,178,1,
10,1,2339.jpg,1740.jpg,56,1,
11,2,1810.jpg,8032.jpg,144,1,
12,2,2442.jpg,2055.jpg,302,1,
13,2,2339.jpg,1942.jpg,57,1,
14,2,8205.jpg,5990.jpg,31,1,
15,2,2019.jpg,2250.jpg,16,1,
16,2,7530.jpg,4700.jpg,109,1,
17,2,2217.jpg,2342.jpg,119,1,
18,2,2373.jpg,5300.jpg,165,1,
19,2,4616.jpg,8330.jpg,67,1,
20,2,1740.jpg,8600.jpg,352,1,
21,3,2019.jpg,1942.jpg,19,1,
22,3,4616.jpg,8032.jpg,68,1,
23,3,2217.jpg,1810.jpg,121,1,
24,3,8330.jpg,7530.jpg,196,1,
25,3,5300.jpg,1740.jpg,265,1,
26,3,2373.jpg,2342.jpg,157,1,
27,3,5990.jpg,2055.jpg,245,1,
28,3,2442.jpg,4700.jpg,300,1,
29,3,2250.jpg,8600.jpg,314,1,
30,3,2339.jpg,8205.jpg,40,1,
31,4,1942.jpg,8032.jpg,373,1,
32,4,2217.jpg,2250.jpg,130,1,
33,4,4616.jpg,2055.jpg,74,1,
34,4,2373.jpg,1740.jpg,170,1,
35,4,2019.jpg,7530.jpg,5,1,
36,4,4700.jpg,1810.jpg,274,1,
37,4,8600.jpg,2339.jpg,174,1,
38,4,5300.jpg,5990.jpg,260,1,
39,4,2342.jpg,2442.jpg,91,1,
40,4,8205.jpg,8330.jpg,29,1,
41,5,7530.jpg,4616.jpg,99,1,
42,5,5300.jpg,2217.jpg,254,1,
43,5,2055.jpg,4700.jpg,338,1,
44,5,2019.jpg,1740.jpg,18,1,
45,5,5990.jpg,1942.jpg,247,1,
46,5,8600.jpg,2373.jpg,180,1,
47,5,8330.jpg,1810.jpg,198,1,
48,5,2339.jpg,2250.jpg,54,1,
49,5,2442.jpg,8205.jpg,287,1,
50,5,2342.jpg,8032.jpg,87,1,
51,6,5300.jpg,7530.jpg,253,1,
52,6,5990.jpg,8330.jpg,239,1,
53,6,4700.jpg,2217.jpg,273,1,
54,6,1810.jpg,2019.jpg,134,1,
55,6,2339.jpg,4616.jpg,41,1,
56,6,2342.jpg,8600.jpg,85,1,
57,6,2055.jpg,2373.jpg,332,1,
58,6,2442.jpg,8032.jpg,297,1,
59,6,8205.jpg,1740.jpg,37,1,
60,6,2250.jpg,1942.jpg,323,1,
61,7,2339.jpg,5990.jpg,50,1,
62,7,1740.jpg,8330.jpg,353,1,
63,7,2342.jpg,8205.jpg,78,1,
64,7,8600.jpg,4700.jpg,185,1,
65,7,1810.jpg,1942.jpg,152,1,
66,7,2055.jpg,5300.jpg,337,1,
67,7,2373.jpg,8032.jpg,163,1,
68,7,7530.jpg,2217.jpg,101,1,
69,7,4616.jpg,2250.jpg,73,1,
70,7,2442.jpg,2019.jpg,286,1,
71,8,2342.jpg,1740.jpg,94,1,
72,8,8600.jpg,1942.jpg,190,1,
73,8,2019.jpg,8205.jpg,1,1,
74,8,2055.jpg,2339.jpg,326,1,
75,8,2442.jpg,7530.jpg,291,1,
76,8,2373.jpg,1810.jpg,160,1,
77,8,2217.jpg,4616.jpg,118,1,
78,8,8032.jpg,8330.jpg,220,1,
79,8,5990.jpg,4700.jpg,242,1,
80,8,5300.jpg,2250.jpg,263,1,
81,9,8330.jpg,2019.jpg,191,1,
82,9,2373.jpg,2442.jpg,167,1,
83,9,8032.jpg,2339.jpg,212,1,
84,9,4616.jpg,8600.jpg,66,1,
85,9,8205.jpg,1942.jpg,38,1,
86,9,2217.jpg,5990.jpg,126,1,
87,9,1740.jpg,4700.jpg,357,1,
88,9,7530.jpg,2342.jpg,100,1,
89,9,5300.jpg,1810.jpg,255,1,
90,9,2250.jpg,2055.jpg,321,1,
91,10,1942.jpg,4616.jpg,365,1,
92,10,8032.jpg,1740.jpg,227,1,
93,10,2342.jpg,2055.jpg,93,1,
94,10,2019.jpg,5990.jpg,12,1,
95,10,2442.jpg,8600.jpg,295,1,
96,10,7530.jpg,2339.jpg,98,1,
97,10,2373.jpg,2217.jpg,159,1,
98,10,8330.jpg,2250.jpg,206,1,
99,10,1810.jpg,8205.jpg,135,1,
100,10,4700.jpg,5300.jpg,280,1,
101,11,2442.jpg,1740.jpg,303,1,
102,11,8032.jpg,2019.jpg,210,1,
103,11,2339.jpg,2217.jpg,44,1,
104,11,2055.jpg,1942.jpg,342,1,
105,11,5990.jpg,2373.jpg,237,1,
106,11,2342.jpg,1810.jpg,83,1,
107,11,4616.jpg,5300.jpg,70,1,
108,11,2250.jpg,4700.jpg,319,1,
109,11,8205.jpg,7530.jpg,24,1,
110,11,8600.jpg,8330.jpg,181,1,
111,12,1740.jpg,5990.jpg,355,1,
112,12,8205.jpg,2055.jpg,36,1,
113,12,2373.jpg,2339.jpg,155,1,
114,12,1942.jpg,4700.jpg,376,1,
115,12,1810.jpg,7530.jpg,139,1,
116,12,5300.jpg,8330.jpg,258,1,
117,12,2217.jpg,2019.jpg,115,1,
118,12,4616.jpg,2342.jpg,61,1,
119,12,2250.jpg,2442.jpg,320,1,
120,12,8600.jpg,8032.jpg,182,1,
121,13,1740.jpg,1942.jpg,361,1,
122,13,2055.jpg,2217.jpg,330,1,
123,13,2373.jpg,8205.jpg,154,1,
124,13,2250.jpg,7530.jpg,310,1,
125,13,4700.jpg,8032.jpg,278,1,
126,13,1810.jpg,2339.jpg,136,1,
127,13,5300.jpg,8600.jpg,257,1,
128,13,5990.jpg,4616.jpg,232,1,
129,13,8330.jpg,2442.jpg,205,1,
130,13,2342.jpg,2019.jpg,77,1,
131,14,4616.jpg,7530.jpg,62,2,89
132,14,1810.jpg,8330.jpg,143,2,84
133,14,2250.jpg,2339.jpg,307,2,84
134,14,1740.jpg,2019.jpg,343,2,89
135,14,2217.jpg,5300.jpg,127,2,92
136,14,1942.jpg,5990.jpg,374,2,90
137,14,2373.jpg,8600.jpg,161,2,90
138,14,8032.jpg,2342.jpg,214,2,87
139,14,8205.jpg,2442.jpg,34,2,89
140,14,4700.jpg,2055.jpg,283,2,96
141,15,2339.jpg,5300.jpg,51,1,
142,15,1942.jpg,2217.jpg,368,1,
143,15,2055.jpg,8330.jpg,334,1,
144,15,7530.jpg,1740.jpg,113,1,
145,15,4700.jpg,4616.jpg,270,1,
146,15,5990.jpg,2342.jpg,233,1,
147,15,2019.jpg,8600.jpg,9,1,
148,15,2442.jpg,1810.jpg,293,1,
149,15,2373.jpg,2250.jpg,168,1,
150,15,8205.jpg,8032.jpg,30,1,
151,16,2217.jpg,8330.jpg,124,1,
152,16,4616.jpg,2373.jpg,65,1,
153,16,7530.jpg,8032.jpg,106,1,
154,16,2442.jpg,5990.jpg,298,1,
155,16,2019.jpg,2055.jpg,17,1,
156,16,5300.jpg,1942.jpg,266,1,
157,16,1740.jpg,1810.jpg,350,1,
158,16,8205.jpg,8600.jpg,28,1,
159,16,2339.jpg,4700.jpg,52,1,
160,16,2342.jpg,2250.jpg,92,1,
161,17,5990.jpg,8600.jpg,238,1,
162,17,7530.jpg,2373.jpg,103,1,
163,17,8205.jpg,4616.jpg,22,1,
164,17,1740.jpg,2217.jpg,349,1,
165,17,2250.jpg,8032.jpg,316,1,
166,17,2342.jpg,4700.jpg,90,1,
167,17,1942.jpg,8330.jpg,372,1,
168,17,5300.jpg,2442.jpg,262,1,
169,17,2339.jpg,2019.jpg,39,1,
170,17,1810.jpg,2055.jpg,150,1,
171,18,4616.jpg,1740.jpg,75,1,
172,18,5300.jpg,8205.jpg,249,1,
173,18,1810.jpg,2250.jpg,149,1,
174,18,8330.jpg,2373.jpg,199,1,
175,18,2339.jpg,2442.jpg,53,1,
176,18,1942.jpg,2342.jpg,366,1,
177,18,4700.jpg,2019.jpg,267,1,
178,18,2055.jpg,8600.jpg,333,1,
179,18,7530.jpg,5990.jpg,107,1,
180,18,8032.jpg,2217.jpg,216,1,
181,19,1740.jpg,2442.jpg,358,2,79
182,19,2373.jpg,5990.jpg,164,2,76
183,19,2217.jpg,2339.jpg,117,2,79
184,19,7530.jpg,8205.jpg,97,2,74
185,19,4700.jpg,2250.jpg,282,2,76
186,19,1942.jpg,2055.jpg,379,2,81
187,19,2019.jpg,8032.jpg,11,2,84
188,19,1810.jpg,2342.jpg,138,2,81
189,19,5300.jpg,4616.jpg,251,2,81
190,19,8330.jpg,8600.jpg,200,2,79
191,20,2442.jpg,2217.jpg,292,1,
192,20,5300.jpg,2342.jpg,252,1,
193,20,1942.jpg,7530.jpg,367,1,
194,20,4616.jpg,2019.jpg,58,1,
195,20,2373.jpg,4700.jpg,166,1,
196,20,2055.jpg,1740.jpg,341,1,
197,20,8032.jpg,5990.jpg,221,1,
198,20,8600.jpg,1810.jpg,179,1,
199,20,2339.jpg,8330.jpg,48,1,
200,20,2250.jpg,8205.jpg,306,1,
201,21,2055.jpg,2442.jpg,339,2,188
202,21,8330.jpg,4616.jpg,194,2,182
203,21,5990.jpg,8205.jpg,230,2,188
204,21,8600.jpg,1740.jpg,189,2,183
205,21,1942.jpg,2339.jpg,364,2,191
206,21,4700.jpg,7530.jpg,272,2,189
207,21,8032.jpg,1810.jpg,217,2,195
208,21,5300.jpg,2373.jpg,256,2,189
209,21,2342.jpg,2217.jpg,82,2,191
210,21,2250.jpg,2019.jpg,305,2,194
211,22,8032.jpg,5300.jpg,222,2,205
212,22,1810.jpg,4616.jpg,137,2,204
213,22,1740.jpg,2339.jpg,345,2,202
214,22,8330.jpg,2342.jpg,195,2,211
215,22,2217.jpg,8600.jpg,123,2,205
216,22,2250.jpg,5990.jpg,317,2,212
217,22,2373.jpg,2019.jpg,153,2,210
218,22,1942.jpg,2442.jpg,377,2,209
219,22,7530.jpg,2055.jpg,112,2,214
220,22,8205.jpg,4700.jpg,33,2,218
221,23,2019.jpg,8330.jpg,10,2,139
222,23,2342.jpg,7530.jpg,81,2,133
223,23,1942.jpg,8205.jpg,363,2,137
224,23,2055.jpg,2250.jpg,340,2,133
225,23,2339.jpg,8032.jpg,49,2,141
226,23,5990.jpg,2217.jpg,235,2,139
227,23,4700.jpg,1740.jpg,284,2,139
228,23,2442.jpg,2373.jpg,294,2,145
229,23,1810.jpg,5300.jpg,146,2,139
230,23,8600.jpg,4616.jpg,175,2,145
231,24,8032.jpg,2442.jpg,224,2,172
232,24,8330.jpg,5990.jpg,202,2,179
233,24,7530.jpg,5300.jpg,108,2,181
234,24,1740.jpg,8205.jpg,344,2,174
235,24,2217.jpg,4700.jpg,128,2,181
236,24,2373.jpg,2055.jpg,169,2,178
237,24,1942.jpg,2250.jpg,378,2,176
238,24,8600.jpg,2342.jpg,176,2,181
239,24,2019.jpg,1810.jpg,7,2,184
240,24,4616.jpg,2339.jpg,60,2,184
241,25,2055.jpg,2342.jpg,328,2,147
242,25,2250.jpg,8330.jpg,315,2,143
243,25,5300.jpg,4700.jpg,261,2,142
244,25,5990.jpg,2019.jpg,229,2,149
245,25,8205.jpg,1810.jpg,26,2,145
246,25,8600.jpg,2442.jpg,186,2,150
247,25,2339.jpg,7530.jpg,43,2,150
248,25,2217.jpg,2373.jpg,122,2,150
249,25,4616.jpg,1942.jpg,76,2,157
250,25,1740.jpg,8032.jpg,354,2,157
251,26,5990.jpg,2442.jpg,243,2,96
252,26,2055.jpg,2019.jpg,324,2,96
253,26,1810.jpg,1740.jpg,151,2,95
254,26,4700.jpg,2339.jpg,269,2,94
255,26,8330.jpg,2217.jpg,197,2,103
256,26,8600.jpg,8205.jpg,173,2,97
257,26,2373.jpg,4616.jpg,156,2,104
258,26,1942.jpg,5300.jpg,375,2,101
259,26,8032.jpg,7530.jpg,215,2,105
260,26,2250.jpg,2342.jpg,309,2,99
261,27,2217.jpg,2442.jpg,129,2,69
262,27,5990.jpg,8032.jpg,240,2,64
263,27,8330.jpg,2339.jpg,193,2,63
264,27,1740.jpg,2055.jpg,360,2,67
265,27,7530.jpg,1942.jpg,114,2,71
266,27,2019.jpg,4616.jpg,3,2,71
267,27,2342.jpg,5300.jpg,89,2,74
268,27,8205.jpg,2250.jpg,35,2,67
269,27,1810.jpg,8600.jpg,142,2,70
270,27,4700.jpg,2373.jpg,275,2,74
271,28,7530.jpg,8330.jpg,105,2,246
272,28,1942.jpg,2019.jpg,362,2,250
273,28,4700.jpg,2442.jpg,281,2,244
274,28,1810.jpg,2217.jpg,140,2,250
275,28,2342.jpg,2373.jpg,84,2,248
276,28,1740.jpg,5300.jpg,356,2,250
277,28,8600.jpg,2250.jpg,187,2,247
278,28,2055.jpg,5990.jpg,336,2,250
279,28,8032.jpg,4616.jpg,213,2,256
280,28,8205.jpg,2339.jpg,21,2,249
281,29,4700.jpg,8330.jpg,277,1,
282,29,5990.jpg,1810.jpg,236,1,
283,29,5300.jpg,2019.jpg,248,1,
284,29,4616.jpg,2442.jpg,72,1,
285,29,1740.jpg,2250.jpg,359,1,
286,29,2373.jpg,1942.jpg,171,1,
287,29,2055.jpg,8032.jpg,335,1,
288,29,2342.jpg,2339.jpg,79,1,
289,29,8205.jpg,2217.jpg,25,1,
290,29,8600.jpg,7530.jpg,177,1,
291,30,2055.jpg,4616.jpg,327,2,257
292,30,2250.jpg,2217.jpg,311,2,259
293,30,8032.jpg,1942.jpg,228,2,261
294,30,7530.jpg,2019.jpg,96,2,258
295,30,2339.jpg,8600.jpg,47,2,257
296,30,1810.jpg,4700.jpg,147,2,259
297,30,5990.jpg,5300.jpg,241,2,258
298,30,8330.jpg,8205.jpg,192,2,257
299,30,2442.jpg,2342.jpg,290,2,259
300,30,1740.jpg,2373.jpg,351,2,265
301,31,8032.jpg,4700.jpg,223,2,175
302,31,8600.jpg,5300.jpg,184,2,174
303,31,2339.jpg,1810.jpg,45,2,176
304,31,8205.jpg,2373.jpg,27,2,180
305,31,1942.jpg,1740.jpg,380,2,183
306,31,2217.jpg,2055.jpg,131,2,183
307,31,4616.jpg,5990.jpg,69,2,178
308,31,7530.jpg,2250.jpg,111,2,183
309,31,2019.jpg,2342.jpg,4,2,178
310,31,2442.jpg,8330.jpg,296,2,180
311,32,8600.jpg,5990.jpg,183,2,149
312,32,4616.jpg,8205.jpg,59,2,148
313,32,2442.jpg,5300.jpg,299,2,144
314,32,2373.jpg,7530.jpg,158,2,151
315,32,8032.jpg,2250.jpg,225,2,149
316,32,2217.jpg,1740.jpg,132,2,151
317,32,2055.jpg,1810.jpg,331,2,146
318,32,2019.jpg,2339.jpg,2,2,148
319,32,4700.jpg,2342.jpg,271,2,152
320,32,8330.jpg,1942.jpg,209,2,152
321,33,2442.jpg,2250.jpg,301,2,201
322,33,2342.jpg,4616.jpg,80,2,203
323,33,4700.jpg,1942.jpg,285,2,208
324,33,2019.jpg,2217.jpg,6,2,206
325,33,5990.jpg,1740.jpg,246,2,213
326,33,7530.jpg,1810.jpg,102,2,210
327,33,2055.jpg,8205.jpg,325,2,214
328,33,8330.jpg,5300.jpg,203,2,211
329,33,8032.jpg,8600.jpg,219,2,208
330,33,2339.jpg,2373.jpg,46,2,216
331,34,5300.jpg,2055.jpg,264,2,264
332,34,2217.jpg,7530.jpg,120,2,263
333,34,8205.jpg,2342.jpg,23,2,269
334,34,5990.jpg,2339.jpg,231,2,272
335,34,1942.jpg,1810.jpg,369,2,269
336,34,8032.jpg,2373.jpg,218,2,268
337,34,4700.jpg,8600.jpg,276,2,272
338,34,2250.jpg,4616.jpg,308,2,268
339,34,8330.jpg,1740.jpg,208,2,276
340,34,2019.jpg,2442.jpg,15,2,269
341,35,2250.jpg,5300.jpg,318,2,260
342,35,2339.jpg,2055.jpg,55,2,267
343,35,4700.jpg,5990.jpg,279,2,263
344,35,4616.jpg,2217.jpg,63,2,266
345,35,7530.jpg,2442.jpg,110,2,269
346,35,1942.jpg,8600.jpg,371,2,273
347,35,1740.jpg,2342.jpg,347,2,275
348,35,8205.jpg,2019.jpg,20,2,274
349,35,1810.jpg,2373.jpg,141,2,272
350,35,8330.jpg,8032.jpg,201,2,271
351,36,1740.jpg,7530.jpg,348,2,206
352,36,2250.jpg,2373.jpg,313,2,202
353,36,1810.jpg,2442.jpg,148,2,204
354,36,2342.jpg,5990.jpg,88,2,207
355,36,8330.jpg,2055.jpg,207,2,211
356,36,8600.jpg,2019.jpg,172,2,208
357,36,5300.jpg,2339.jpg,250,2,215
358,36,2217.jpg,1942.jpg,133,2,215
359,36,8032.jpg,8205.jpg,211,2,208
360,36,4616.jpg,4700.jpg,71,2,214
361,37,5990.jpg,7530.jpg,234,2,181
362,37,2442.jpg,2339.jpg,288,2,186
363,37,2250.jpg,1810.jpg,312,2,189
364,37,2019.jpg,4700.jpg,14,2,186
365,37,8205.jpg,5300.jpg,32,2,192
366,37,8600.jpg,2055.jpg,188,2,187
367,37,2217.jpg,8032.jpg,125,2,186
368,37,2342.jpg,1942.jpg,95,2,191
369,37,1740.jpg,4616.jpg,346,2,197
370,37,2373.jpg,8330.jpg,162,2,195
371,38,2217.jpg,8205.jpg,116,2,81
372,38,1810.jpg,5990.jpg,145,2,89
373,38,8330.jpg,4700.jpg,204,2,91
374,38,2339.jpg,2342.jpg,42,2,85
375,38,8032.jpg,2055.jpg,226,2,87
376,38,1942.jpg,2373.jpg,370,2,89
377,38,2250.jpg,1740.jpg,322,2,91
378,38,2442.jpg,4616.jpg,289,2,93
379,38,7530.jpg,8600.jpg,104,2,88
380,38,2019.jpg,5300.jpg,13,2,96
