image,appearances,first_position,second_position,chunks_present,earliest_trial,latest_trial
1740.jpg,38,19,19,38,10,377
1810.jpg,38,19,19,38,7,372
1942.jpg,38,19,19,38,8,376
2019.jpg,38,19,19,38,6,380
2055.jpg,38,19,19,38,4,375
2217.jpg,38,19,19,38,9,371
2250.jpg,38,19,19,38,3,377
2339.jpg,38,19,19,38,10,374
2342.jpg,38,19,19,38,2,374
2373.jpg,38,19,19,38,6,376
2442.jpg,38,19,19,38,8,378
4616.jpg,38,19,19,38,7,378
4700.jpg,38,19,19,38,1,373
5300.jpg,38,19,19,38,5,380
5990.jpg,38,19,19,38,3,372
7530.jpg,38,19,19,38,4,379
8032.jpg,38,19,19,38,5,375
8205.jpg,38,19,19,38,1,371
8330.jpg,38,19,19,38,2,373
8600.jpg,38,19,19,38,9,379
